{
  "project_info": {
    "project_number": "642069465618",
    "firebase_url": "https://fieldwork-dc315.firebaseio.com",
    "project_id": "fieldwork-dc315",
    "storage_bucket": "fieldwork-dc315.appspot.com"
  },
  "client": [
    {
      "client_info": {
        "mobilesdk_app_id": "1:642069465618:android:466fc0db087b7b40",
        "android_client_info": {
          "package_name": "org.wit.archaeologicalfieldwork"
        }
      },
      "oauth_client": [
        {
          "client_id": "642069465618-uhc5t0v4e570t4abfv0buj1qd3tgdaa8.apps.googleusercontent.com",
          "client_type": 1,
          "android_info": {
            "package_name": "org.wit.archaeologicalfieldwork",
            "certificate_hash": "b1c3256340d25f327d173364618bf0a9d1d4a076"
          }
        },
        {
          "client_id": "642069465618-73754lp7pgkhrijft8el296suema9chb.apps.googleusercontent.com",
          "client_type": 3
        }
      ],
      "api_key": [
        {
          "current_key": "AIzaSyACnJ-M_ZI8yL2TjbL4r4FL1unOmHMR8z0"
        }
      ],
      "services": {
        "analytics_service": {
          "status": 1
        },
        "appinvite_service": {
          "status": 2,
          "other_platform_oauth_client": [
            {
              "client_id": "642069465618-73754lp7pgkhrijft8el296suema9chb.apps.googleusercontent.com",
              "client_type": 3
            }
          ]
        },
        "ads_service": {
          "status": 2
        }
      }
    }
  ],
  "configuration_version": "1"
}